,target
0,-0.05097582907267966
1,-0.043641470623764195
2,-0.014251439744148095
3,-0.07461968002468983
4,0.004571023922853279
5,-0.019499537979360267
6,-0.011941653267971373
7,-0.059308895714782234
8,-0.02101776434450355
9,-0.05477060557137405
10,-0.05388851374657377
11,-0.05440976733993153
12,0.012897223750298408
13,0.16874814674283437
14,-0.06297616560199701
15,-0.01916992226456059
16,-0.05120154486263872
17,-0.05221026023122847
18,-0.016712295032793093
19,-0.030344741240466343
20,-0.05204460948988558
21,0.18804207640237525
22,0.16774334610774824
23,-0.010927645952063638
24,0.023652219707823764
25,-0.008918779621567698
26,0.04047328705643486
27,0.15476057589097916
28,-0.021000978209260553
29,-0.01927703389554078
30,0.013935392342613102
31,-0.052574813843542324
32,-0.053677811982649856
33,-0.0034097814757268427
34,-0.054386947907711765
35,-0.013406187391437297
36,-0.09562839612749077
37,-0.06990875675182538
38,-0.07948006976610963
39,0.050192167140344086
40,0.10528572019664226
41,-0.02082572908190711
42,0.0031598869012201803
43,0.15630292030358545
44,-0.04274436171376304
45,-0.0640198633487181
46,-0.06506408243647223
47,-0.031135116384961265
48,0.14760645511578682
49,-0.07756320496194
50,-0.053411431350500964
51,-0.06258143865889758
52,-0.09014163960023294
53,-0.053793253392556466
54,0.12542303731239918
55,-0.04171852971778209
56,-0.06683848421374093
57,-0.09125901806026428
58,-0.06690917322619588
59,-0.029768252606277485
60,-0.048311121404932676
61,0.002155582905616422
62,-0.04914311537125191
63,0.17610089090600153
64,-0.014829362855518126
65,-0.037121184289660096
66,-0.07722616375046483
67,0.14287826369719023
68,-0.040512578365566355
69,0.21451912860650418
70,-0.015999339538003785
71,0.043912515972332734
72,-0.0671874864906821
73,-0.001925763572787294
74,-0.056756136791268896
75,-0.08005263552259365
76,-0.008922303355194994
77,-0.05262704270325446
78,0.02129341840372895
79,-0.049237291220837344
80,0.11492790994598238
81,-0.024905273274350704
82,0.0420717716231899
83,-0.0007448896104398807
84,-0.07324914783284338
85,-0.0681791020821715
86,-0.02721662553590865
87,0.04010326490872963
88,0.0347098000865419
89,-0.065973057208702
90,-0.05924371941498573
91,-0.04026223456185013
92,0.018767275130030008
93,-0.05663981266622542
94,0.025171191393168705
95,-0.031193992947445917
96,-0.0511052274771775
97,-0.014914144356345808
98,-0.012786698061316501
99,-0.01786078702725445
100,0.13320314554100382
101,-0.02005088895485513
102,0.01000899571146938
103,-0.03451557633848065
104,-0.07062268531625632
105,-0.02814054976280358
106,-0.054141281146732126
107,-0.01009402399370115
108,-0.0934220603579567
109,-0.030102790454942706
110,0.014797268880146238
111,-0.05388851374657377
112,-0.036636669620685576
113,-0.04846256493733969
114,0.13251224101249084
115,-0.02712541835935633
116,-0.01643094797134058
117,-0.03700470030143479
118,-0.025803937905571308
119,-0.01415392569715034
120,0.15262619516799658
121,-0.030518338712862286
122,0.20247036572291346
123,0.00424805793458814
124,0.09127188323046422
125,-0.025852392584789052
126,0.06017085488947396
127,-0.025019180905453256
128,0.016832589044497522
129,-0.06311549196138766
130,-0.02473562561294934
131,0.03869300272610282
132,-0.04949409943734757
133,-0.052996639995869205
134,-0.059546090506043495
135,0.15931169380630356
136,-0.03520464621751317
137,0.0011984001963608625
138,-0.02602285253581535
139,-0.03503248256007748
140,-0.05677718195948309
141,-0.04062902972125638
142,-0.05782756488655542
143,-0.05597693534289422
144,-0.012380649944569682
145,-0.01857719098098219
146,0.1158880474001057
147,-0.03956083835731062
148,-0.08056377307350662
149,-0.06310749239304923
150,-0.062356945376656335
151,-0.0464601003154083
152,-0.014822009412575998
153,-0.06671308134410689
154,0.04723921486527928
155,-0.030693718748504028
156,-0.05950008254942547
157,-0.03840050994670815
158,0.14146222422600394
159,-0.04629075201218533
160,-0.02743243378435345
161,0.003139557259470079
162,0.016832589044497522
163,-0.0012808361839555416
164,-0.06344842323812194
165,-0.06140524267467576
166,-0.06911328962231987
167,-0.05082517178445592
168,-0.003612807577190683
169,-0.012177504308877492
170,0.15198101943706196
171,-0.02739078722829349
172,-0.06694096817710178
173,-0.04575446152563624
174,0.01037198366240215
175,0.11438396533583071
176,-0.031297873121570084
177,-0.03857071305037298
178,-0.031574004785484396
179,-0.12490550989062953
180,-0.04849401453418912
181,-0.024216999428974716
182,0.1780685522813386
183,-0.08130151764371661
184,-0.030102790454942706
185,0.03639524221974562
186,-0.040505310225391944
187,-0.052160342915510326
188,0.09677458893788478
189,-0.025549948275718687
190,-0.03366846718279624
191,-0.07543591998598798
192,-0.0002761821988550035
193,0.1314816052290323
194,-0.03345341797604269
195,0.1839732590204154
196,-0.06403820360499803
197,0.10678146913887371
198,-0.06676875153990253
199,-0.06697165378436858
200,-0.03379783578594121
201,-0.017202116221357748
202,-0.06879565356715713
203,-0.026101436078186484
204,-0.026493949708557365
205,0.13958862741942524
206,-0.06810294974111412
207,-0.031157230188862663
208,0.15686449957407608
209,-0.057892018955609054
210,-0.052312419141984534
211,-0.03307357245403125
212,-0.04183520386162626
213,0.17970641765552195
214,-0.032259593334427863
215,-0.025427229729925456
216,-0.06896519888408167
217,0.21860831669971542
218,-0.05871296419820357
219,-0.04830266898300035
220,0.15904754543657598
221,-0.03904390126259717
222,0.18954526541450817
223,0.14616645297993092
224,0.012659509146053868
225,-0.01922831468510516
226,-0.05373272377576324
227,-0.08614803075480003
228,-0.035193656999396125
229,0.076152833702247
230,-0.01997704683227467
231,-0.026493949708557365
232,-0.014478767640824909
233,-0.06717114433154531
234,-0.045087481006383295
235,-0.07501034697360764
236,0.18310672832904365
237,-0.05664334032409515
238,0.0288516578223869
239,-0.029062700960872868
240,0.14743243327998679
241,-0.05712004406304006
242,-0.06276924418725054
243,-0.03106532240810254
244,-0.022570443645528092
245,-0.05592937435499859
246,-0.061206151221485885
247,0.10515275657000503
248,0.11988482171519436
249,-0.05118532478750052
250,-0.037526224998404696
251,-0.049558504300492016
252,-0.02417356002161406
253,-0.0517956791608045
254,0.0320105325600553
255,0.2005550412351659
256,0.031325876450325155
257,-0.03149344557145077
258,-0.03842791937222362
259,-0.01603757142410976
260,-0.04485030232300302
261,-0.045424846261628536
262,-0.028305741385485892
263,-0.0012808361839555416
264,-0.07014219630780096
265,-0.03693871932988137
266,-0.017148951956026896
267,0.0254008748544879
268,-0.06998467676486748
269,-0.06268750535785929
270,-0.012757895093002609
271,0.004321201176430961
272,0.050127118904476936
273,0.1503058477329723
274,-0.03318754011194486
275,-0.05623972509309811
276,0.00019058851229583284
277,-0.04402278006934562
278,-0.06883358262333923
279,0.025119652284955652
280,-0.06377513188370722
281,-0.03717692767553997
282,0.00424805793458814
283,0.11589381992953515
284,0.15391245456940772
285,0.00424805793458814
286,0.19062956236531486
287,-0.11323578815006946
288,-0.03385734038781952
289,-0.04241202859161284
290,0.042627290727870734
291,-0.05321902887281678
292,-0.016910844192420272
293,0.04091235123204638
294,-0.04949440641174865
295,-0.009677852984923182
296,-0.0673533994427132
297,6.508065457482768e-05
298,-0.016351885450539384
299,-0.07942680662690878
300,-0.053854144470581754
301,-0.009001454199514595
302,-0.05175369132934672
303,0.1221866165058993
304,-0.03193832030587545
305,-0.0317593237290998
306,0.13174120282050378
307,-0.01935617096705411
308,-0.025988166931091954
309,0.0116623228409902
310,-0.028468690625130435
311,0.15953710721746756
312,-0.04184415211722245
313,-0.06662464630620371
314,-0.04327907177763334
315,-0.0618570500722784
316,0.20427691010649193
317,-0.03693871932988137
318,-0.031307370296115494
319,-0.028146605794622446
320,-0.04714438738855291
321,-0.03916656993320066
322,-0.010748381232050457
323,-0.013231911453889907
324,-0.026633243982266932
325,-0.012259483998554746
326,0.1607891936639652
327,-0.00584076392354338
328,-0.052270643750852046
329,0.17512275382409248
330,-0.047487769716984145
331,-0.06759740520363049
332,0.1377698187924538
333,-0.04327907177763334
334,-0.05363158309576937
335,-0.038504372099902914
336,0.14047269491376074
337,-0.027740507347386142
338,-0.06893523291615378
339,-0.03162236857511852
340,0.21757501140368532
341,-0.004401834582939288
342,-0.04508379151427486
343,-0.02533362664564999
344,-0.08464506001937191
345,-0.06715427692774578
346,0.1620028873885758
347,0.0028055140343907063
348,0.054366687503638204
349,-0.00795404662912374
350,0.13139337096374892
351,-0.006797197328730689
352,0.048637489004760046
353,-0.07434442216237706
354,0.12272079681371365
355,-0.05868992888843017
356,0.12171244296187929
357,-0.04702515178819645
358,-0.05212304636485709
359,-0.014729997503700463
360,-0.04068908625572392
361,0.0030284814691125808
362,0.1643192509424755
363,-0.045122343370442436
364,0.05015759005256004
365,0.02685066801460854
366,0.1281899213751927
367,-0.014274131015484935
368,-0.04723062897128837
369,-0.07569272310916761
370,-0.04228958833329994
371,-0.04101499849140424
372,-0.030103805131147205
373,0.009975662605733996
374,0.04418613514816291
375,-0.03562144309092678
376,-0.046790838482784376
377,-0.04327907177763334
378,-0.015625371999639204
379,-0.03332117861562934
380,-0.04508379151427486
381,0.026102486859477407
382,-0.06887748053118434
383,-0.031087439849762172
384,0.07408320572943632
385,-0.08363517148059854
386,-0.07541202114858644
387,-0.04126703392612119
388,-0.01695936525576024
389,-0.06606910646616102
390,0.07060387711884165
391,0.008197631216943285
392,0.16055422086656515
393,-0.04626484176465068
394,0.15637727897231984
395,-0.03731511044115483
396,-0.03447870328966458
397,0.14806065671661117
398,0.12018005576357836
399,-0.013738865295958554
400,0.025119652284955652
401,-0.03244351997598122
402,-0.041457878311353155
403,-0.0110448086838286
404,0.1711710685703307
405,-0.025032065136810448
406,0.004048050840137366
407,0.1503058477329723
408,0.18244749840614075
409,-0.04044495470476376
410,-0.010605111585510878
411,-0.039689094896298585
412,-0.039689094896298585
413,0.019349398036499457
414,-0.009328457309946407
415,0.12197737294195067
416,-0.025074640693742007
417,-0.03131445794618858
418,0.027061169643764503
419,-0.024137953463737226
420,-0.03867612057822572
421,-0.04127755442749512
422,0.19801574630812846
423,-0.07513245472265384
424,0.16858495486541925
425,0.17420970216537907
426,-0.03944777181439907
427,0.15391949809640756
428,-0.026192311514209775
429,-0.05197694196121958
430,-0.02012657551909533
431,-0.031111510126027274
432,-0.03454926902919126
433,0.004215569691305607
434,-0.03229952717432488
435,-0.020272853318422608
436,0.10001968270794132
437,0.13655579704752688
438,-0.06246496777992786
439,-0.11238082580302305
440,-0.04875016775190365
441,0.19398391317460736
442,-0.02218499589025194
443,0.03665402865974481
444,-0.014197834122264524
445,-0.006438471132638919
446,-0.03062046000317063
447,6.508065457482768e-05
448,0.17815600635763681
449,0.04055210660286217
450,-0.019653151384639182
451,-0.03921977397748343
452,0.19801574630812846
453,0.13322563098947926
454,0.14999107175056184
455,-0.02943790617719709
456,-0.060883276739358005
457,-0.03247857814794493
458,-0.043061550824029945
459,-0.035969283386788786
460,-0.0632631973317298
461,0.11959621817754279
462,0.0670623871794181
463,0.14831131824667135
464,-0.08985185349483302
465,0.062192871338686354
466,0.015928920076206717
467,0.005146295476309762
468,0.022560756019935978
469,0.09462087823998817
470,-0.048448946390196965
471,0.10793301113735217
472,-0.059880753960431084
473,-0.009001454199514595
474,-0.045943099065013406
475,-0.04416706448341157
476,-0.06440064694917678
477,0.027054392456149847
478,-0.0656522799754758
479,-0.02485071910495916
480,-0.00960197404773934
481,-0.07448189519887675
482,-0.042823637788304066
483,0.057313993347264384
484,-0.043389290553087254
485,0.1713472764697657
486,0.02990123564402138
487,0.014148664751653117
488,-0.022858158375125375
489,-0.03768116069159767
490,-0.001443348441929596
491,-0.032881179392291446
492,0.1567922525074701
493,-0.04538934410198383
494,-0.03075187938512397
495,-0.06668391527922092
496,-0.023356113449653302
497,-0.022353661626396036
498,-0.11286373175339261
499,-0.03905962511974621
500,-0.016181152046150275
501,-0.03680617159556961
502,-0.0412783261720993
503,-0.02806925099673726
504,-0.07181937082093945
505,0.026592648525442904
506,-0.030919843345280865
507,-0.04192055928335261
508,-0.06126166072561603
509,-0.03251769056768792
510,-0.05659359837233077
511,0.09058299661033382
512,-0.0464332935911722
513,-0.01934378543714062
514,0.15251120430406878
515,0.17815600635763681
516,-0.06092200622420953
517,-0.0466047188191339
518,-0.03533700734278133
519,0.15573981601213405
520,0.013013218596798841
521,0.0027391256506400312
522,-0.03435488683973144
523,-0.010208620546891494
524,-0.01643008199079777
525,-0.06336174317374908
526,-0.06019077392484898
527,0.13894288152075362
528,-0.012116862214343622
529,-0.0898197190046021
530,0.17469191821986052
531,0.09449491052608613
532,-0.07682677537777316
533,-0.03186498541010986
534,-0.0880622098439816
535,0.11643593817996811
536,-0.011060055513315981
537,0.16686260644096712
538,-0.0460144806946467
539,-0.06888786563742345
540,-0.11140549549303873
541,0.1426887768611834
542,-0.09820634826433314
543,0.16539616500058674
544,-0.012476596417090135
545,-0.021181534041813777
546,-0.03208347524088989
547,0.037137053822641236
548,-0.027827058344880053
549,-0.01811152861864066
550,-0.023121725720508156
551,-0.06745580439511419
552,-0.009772785859114631
553,-0.004421975512244106
554,0.05437262398000225
555,0.0105763552950909
556,-0.000799212379441086
557,-0.017148951956026896
558,-0.021551864678629275
559,-0.045271587860113184
560,-0.0772479301798481
561,-0.036346805632626274
562,0.01534056752407685
563,-0.04335246348257261
564,-0.052671905345272725
565,-0.06866208888528001
566,0.10835768060216507
567,-0.015991981260462466
568,-0.03880195226300497
569,0.02105412985987826
570,-0.024628105233058098
571,-0.05618688913431086
572,-0.04897639238642901
573,-0.07182160593662673
574,-0.026902655977700446
575,0.1640862127728852
576,-0.05185442343289947
577,-0.023713384346321077
578,-0.004300034661266669
579,-0.03618314900760963
580,0.14819814109341162
581,-0.06588165603350186
582,-0.020279284596665136
583,-0.014125025248900424
584,0.034187462136642685
585,-0.030208182937426917
586,0.17683198285669682
587,0.0019134434504733736
588,0.03189403544084845
589,0.1776760572958005
590,-0.0057173173210743064
591,-0.014678670694960084
592,-0.012717915161306947
593,-0.08142715749512301
594,0.10839379681949357
595,-0.01966136894590065
596,0.15272414156788613
597,0.004274030131076406
598,-0.08397359748654516
599,-0.02868839406815459
600,-0.04199072056047879
601,0.054558030849959895
602,-0.060776603556578095
603,-0.08363207302935582
604,-0.013957470980531357
605,-0.06329728917642953
606,-0.03732575016663105
607,0.002810060709872302
608,0.14546509518610637
609,-0.06090593980977922
610,-0.0523612686463126
611,-0.04434082459865242
612,0.01995164153998076
613,-0.01689671152667766
614,-0.024003387367293117
615,0.01473085413722276
616,-0.004904104909009077
617,-0.016076640080592338
618,-0.061516885728181876
619,-0.023634979618113144
620,-0.10849774977473131
621,-0.04273938255669117
622,-0.04198703433846884
623,0.13316803558871845
624,-0.027129735772349492
625,0.005625471437778735
626,-0.01865461349539164
627,-0.06196579613882347
628,-0.08203380501967089
629,0.14109714033166948
630,-0.06774660473125124
631,-0.013219976828370264
632,-0.040464309901357506
633,-0.036220348509603484
634,-0.06490541221092545
635,-0.042514080331250086
636,-0.055537066892629376
637,-0.07622119018718082
638,0.14363807596345976
639,-0.03983483610779903
640,0.1787337372326165
641,-0.042175438424890625
642,-0.05371540516470154
643,-0.03729325285730204
644,0.21413287097325695
645,-0.0380731468864991
646,-0.04505476579682587
647,-0.017503854466385495
648,-0.05451799282254294
649,-0.03611454378982645
650,-0.06071577258051911
651,-0.06883358262333923
652,-0.02161125634881405
653,0.13157437352174295
654,0.01473085413722276
655,0.01303227250962119
656,-0.052596482613780186
657,-0.061055283852260736
658,-0.009733764803467214
659,-0.05168048402266238
660,-0.045831359830725026
661,0.0402238753031752
662,-0.07100512167084261
663,-0.04461637807629182
664,0.21451912860650418
665,-0.04199072056047879
666,-0.040624384231725805
667,-0.010208620546891494
668,-0.033231021003708124
669,-0.04057712020895983
670,-0.035229838495453046
671,0.12761974542954208
672,-0.020981651629902138
673,-0.02438503983070018
674,0.008003056661198932
675,0.07429558499693123
676,0.08663788422451878
677,-0.027552698810330237
678,-0.019759909067200026
679,-0.047530371323594924
680,-0.01991329772545072
681,-0.03323719379063227
682,-0.06146697314069695
683,-0.015537708461665585
684,-0.07397569266791211
685,-0.02703599359989449
686,0.16375177182746936
687,-0.015822665625851648
688,0.13667087894973606
689,-0.018067041902633234
690,0.11129747128187988
691,0.04411447856758275
692,0.03309543309418921
693,0.09540403988059609
694,-0.0398008435819069
695,-0.05315066179498863
696,0.0205068809281354
697,-0.038469863156078275
698,-0.05510045906911086
699,-0.07751437773970715
700,-0.07400277819047557
701,0.14954434184475257
702,-0.04192676719272491
703,0.11500558517976203
704,-0.021857432857014115
705,0.11941917187517029
706,-0.04147683095979663
707,-0.07447116480803136
708,-0.044221750051059515
709,0.034187462136642685
710,-0.048052921110415384
711,0.11451930876998538
712,0.0402238753031752
713,0.15133501893964493
714,-0.0484524908332588
715,-0.055548651548689244
716,0.007438978980300347
717,-0.006115726111480218
718,0.17465555272875558
719,-0.025300783608402305
720,-0.019541075324921272
721,-0.043571025393168816
722,-0.05713508062116964
723,-0.025995291409987683
724,0.16806681517390845
725,-0.011826524323048575
726,-0.048054319858752574
727,0.1080619770266905
728,-0.027667990600112765
729,-0.022694673140297657
730,-0.04920837378688383
731,-0.039848720042208095
732,0.03735193099675826
733,0.12506033119553092
734,-0.0768099305236484
735,0.18852432360629273
736,0.1503303476571558
737,-0.020426925111383252
738,-0.05415664245717269
739,-0.06738489383090118
740,-0.046799143554029685
741,0.17782923922861973
742,-0.02674450626508738
743,0.010206176403366797
744,-0.06004687657212165
745,0.18056435845360025
746,-0.026033703267387107
747,-0.0661131251255583
748,0.1414414864611218
749,0.0028699783432051865
750,0.11336904850769233
751,-0.04935613641866423
752,0.03734411880193254
753,-0.08928486674648416
754,-0.040081086318773766
755,-0.05832911015471001
756,0.07944466931571298
757,-0.03238505551785909
758,-0.030251868240603302
759,0.12289771744699324
760,-0.02140306029297062
761,-0.03749060873203238
762,0.13855455211412018
763,-0.044150159051677976
764,-0.03314916710101735
765,0.12642237131054587
766,-0.047477140879165616
767,0.14096450365195914
768,-0.017941256425161284
769,-0.08157333181242091
770,0.025119652284955652
771,-0.049676885048681015
772,-0.016442100805631528
773,0.16051098151326076
774,0.021412388537260216
775,-0.03363594056010038
776,-0.01863157297482659
777,0.01963282038239147
778,-0.025097748798248644
779,-0.057554388288438216
780,-0.05190875519597103
781,-0.05072311568163619
782,-0.04136230642631333
783,-0.045976933193629
784,0.13583012739615574
785,-0.05632648944258389
786,-0.07696462848518365
787,0.039215361082592985
788,0.028409570817284648
789,-0.03648073773721543
790,-0.009001454199514595
791,-0.08137767463170513
792,0.09911525146148176
793,-0.013231911453889907
794,0.16492140296422567
795,0.19601916677934614
796,-0.06096481914140277
797,-0.061103294866681555
798,-0.05523665781535474
799,0.11572456053316461
800,-0.04419355272674294
801,0.028115345755200215
802,-0.005831547841784597
803,-0.10154580201487771
804,-0.03499680936681019
805,-0.0514950654317642
806,-0.021094199131618106
807,-0.14500123147475508
808,-0.000799212379441086
809,-0.04611519418965648
810,-0.06823473946181619
811,-0.08440044406862834
812,0.12363845579815817
813,-0.0211327512218029
814,-0.04324458018350728
815,-0.05003303364957767
816,-0.010992597390847592
817,0.17292871047197786
818,0.01184902596043615
819,-0.05906133802471949
820,-0.014352914936572526
821,0.14405982893113436
822,-0.052671905345272725
823,-0.0598695531753429
824,0.14127970118429664
825,-0.05773402087707107
826,0.1251297403311214
827,-0.008127066502545471
828,0.04038878183899427
829,0.009795155689871668
830,0.0935365530141147
831,-0.04606903875486148
832,0.1664612780721334
833,-0.055579489403105774
834,-0.045573106166775366
835,-0.030921458514075743
836,-0.08473553894727842
837,-0.04804754959410661
838,-0.0494509853103996
839,-0.036712456966403066
840,0.18214201974229
841,-0.033989536616449725
842,0.008816999218866986
843,0.1993841832311625
844,-0.05093823032843093
845,-0.02344970543008042
846,-0.03950655559187906
847,-0.037467072468408275
848,-0.03731592363066728
849,-0.025839532421412598
850,0.1636768753506522
851,-0.10343833123103462
852,-0.04118969121312899
853,-0.07093513612112225
854,-0.04089319925663455
855,-0.06606471726449073
856,-0.013856147274330073
857,-0.05921664314452908
858,0.1710169916537796
859,-0.020011426601373
860,0.03536776123353951
861,-0.03130836829804596
862,-0.046470994986578446
863,0.0009282987672604864
864,-0.09478305511782498
865,0.14109223585165528
866,-0.02695848742332038
867,0.014352755223755074
868,0.009873273518136218
869,0.0265464544043448
870,0.03984963818918995
871,-0.08205244368252054
872,0.14022930610114082
873,-0.040168549664689336
874,0.04368326918658156
875,-0.02833836228955342
876,-0.036883312555463836
877,-0.0770929785234349
878,-0.04136911460330193
879,-0.01987042862354028
880,-0.08055738883152634
881,-0.018064359668229724
882,-0.018569268282459674
883,-0.054483326121582035
884,0.023603540958333676
885,-0.06983874251944294
886,-0.011757506935720637
887,-0.06710770811394276
888,-0.020690833936939754
889,-0.045768333832150974
890,-0.028904595980033254
891,-0.0849766254382266
892,-0.0711592071949544
893,0.031577781841863974
894,-0.018645044256848396
895,-0.02753597116287249
896,-0.011264532682777455
897,0.15612847078478284
898,0.1818123471815378
899,-0.06038482494946965
900,-0.017103079089346822
901,-0.052881390556847076
902,-0.03196824648197888
903,-0.027532941370509847
904,-0.04575446152563624
905,-0.0390375508442569
906,-0.055374731638426114
907,0.012319127468940875
908,0.028115345755200215
909,-0.0130277159915458
910,-0.05343153050089339
911,0.02218293847997992
912,-0.06019925554024618
913,0.17117512107493882
914,-0.06231960203106761
915,-0.028475855952186397
916,-0.01987042862354028
917,0.1572818298533196
918,-0.027462356802998106
919,-0.056777658039851846
920,0.025119652284955652
921,-0.02804346685297486
922,-0.044097929512472274
923,-0.05578912930175546
924,-0.02976114182074686
925,-0.024763686683983897
926,-0.05874821147634819
927,-0.01983131839849216
928,-0.04120968062622353
929,-0.001034240171863917
930,0.1723393107698118
931,-0.01135387012486679
932,0.02459576333684428
933,0.17924607883082833
934,-0.08427841039310358
935,-0.03678419689664072
936,0.1772843672419386
937,-0.064754126586681
938,-0.029458802822752237
939,-0.038722437838124596
940,0.20102239698906382
941,-0.0487213100533184
942,-0.09147077117862387
943,-0.12718394042507042
944,-0.07915318353110437
945,0.15003577341819416
946,-0.0589982678202732
947,-0.030409767831921647
948,-0.030782842564377
949,-0.05420946816924757
950,-0.06252486477039569
951,-0.02146173768094424
952,-0.031125757186604694
953,-0.023193169117407528
954,-0.025300783608402305
955,-0.029764624026991086
956,0.16054441898494748
957,-0.035224646338444264
958,-0.009046041907585158
959,-0.02992411206758519
960,-0.03357979419315258
961,-0.06688181477210213
962,-0.027003326250624276
963,0.010155351072658636
964,0.11312999881012527
965,0.13151452450969084
966,-0.0825202536249585
967,-0.06261195562875223
968,0.007418562966286562
969,-0.029752992234050965
970,-0.07399137342892137
971,-0.0023114147072543405
972,-0.11012820392644249
973,-0.025300783608402305
974,-0.054399715880908965
975,-0.06562012294027074
976,-0.035854465683633825
977,-0.07328882485880336
978,-0.04757657599143995
979,-0.01932607849585382
980,0.1507930980700976
981,-0.02675443962372276
982,-0.06663279964509412
983,-0.03167597169603861
984,0.03539020339116365
985,-0.026949688660369044
986,-0.03795772208468768
987,-0.029525429249728632
988,-0.03776281500409152
989,0.03652602994876211
990,0.016801429769348522
991,-0.03255047022894142
992,-0.07075437489813206
993,0.16493187385257105
994,-0.01640012246869681
995,-0.04760564864264462
996,0.16778078712531783
997,-0.04251710844305105
998,-0.018158570632338975
999,0.051787523930254216
1000,-0.03749060873203238
1001,-0.09292737968246188
1002,0.14296024266959378
1003,-0.10987958461290126
1004,0.03309543309418921
1005,-0.09783907871935371
1006,-0.030434562304448843
1007,-0.0043334406796724624
1008,-0.028938110033770958
1009,0.12297452342832446
1010,0.0265464544043448
1011,-0.048508117520909395
1012,-0.058040230706192394
1013,-0.058837773408937435
1014,-0.0377373638391018
1015,0.02274851455221109
1016,-0.0697655023825447
1017,-0.04577350374556922
1018,-0.024498166622919117
1019,-0.06767424186372722
1020,0.1327672511940515
1021,-0.08015544535095669
1022,-0.04164458612440994
1023,-0.03948221066079432
1024,0.13993272529604414
1025,-0.06922961857493047
1026,-0.025747379042040126
1027,-0.026869837631089934
1028,-0.006754732333393327
1029,-0.02929106732599701
1030,0.10738323791402256
1031,-0.022694673140297657
1032,-0.05237641366654865
1033,-0.07889458861887988
1034,-0.08187371254984717
1035,-0.045352407757825355
1036,-0.031203372867812242
1037,0.005625471437778735
1038,-0.0398008435819069
1039,-0.014263912476814748
1040,-0.04080332564952933
1041,-0.053606107413242135
1042,-0.0673835386461277
1043,0.02876451158625418
1044,-0.08222473996329943
1045,0.15515232326873898
1046,-0.009959220559467293
1047,-0.048280299915193496
1048,-0.053186195547880864
1049,-0.01791351453750278
1050,-0.04692891019845795
1051,-0.07668907124286091
1052,-0.029790226556573998
1053,-0.004836919111254742
1054,0.035889428848882805
1055,0.15518889522175827
1056,0.1344363598551743
1057,0.17391162132795546
1058,-0.027686208463075353
1059,-0.053347052142407904
1060,-0.023417438393605515
1061,-0.0506393284028264
1062,-0.007165177105015883
1063,0.14265290176468007
1064,0.1225250615987488
1065,-0.035229838495453046
1066,-0.04090611755563907
1067,-0.043852804812038224
1068,0.14414670833113688
1069,-0.07458180170060373
1070,-0.04728987945860687
1071,-0.047216952111977954
1072,-0.07116210548645241
1073,0.1470679735912976
1074,-0.011241366110503689
1075,-0.035916897716241986
1076,0.1260243964296743
1077,0.15331523776284225
1078,0.050144322184592256
1079,-0.046052659837548686
1080,-0.026549441243875076
1081,-0.006333470565427842
1082,-0.06368160938684798
1083,-0.008911814883687518
1084,-0.023977909260217093
1085,-0.03315701141752754
1086,0.1172312121749217
1087,-0.012334358837011016
1088,-0.045790432697136896
1089,-0.027856093818503395
1090,-0.00923746563796537
1091,-0.013607759600985507
1092,-0.05435233957633213
1093,0.010173752954735358
1094,-0.04419355272674294
1095,-0.04045685979683479
1096,-0.09512361972460469
1097,0.09702852154546339
1098,-0.0731109859242933
1099,-0.03477459531316861
1100,-0.08944154969513644
1101,0.15493631696210194
1102,-0.017103079089346822
1103,0.0004233980535056808
1104,-0.07670173396213299
1105,-0.07858158521285317
1106,-0.01674741455747927
1107,-0.04231313438160748
1108,-0.10080808671282054
1109,-0.04506445875979738
1110,-0.07892134851195479
1111,-0.035150107269446826
1112,0.018526374631619835
1113,-0.031981589054022645
1114,-0.07685033010881036
1115,-0.04343582461372403
1116,-0.01573943718227493
1117,-0.05752152015029439
1118,-0.10787030094301402
1119,0.13392077877489428
1120,-0.004127543380819988
1121,-0.056522253165923686
1122,0.020523241207067004
1123,-0.033462125521529086
1124,-0.07004609322466236
1125,-0.04285112933629985
1126,-0.05786008173505269
1127,-0.05525836857398123
1128,-0.06648974777530352
1129,0.2143858313233929
1130,-0.038999970273529305
1131,-0.025877183794657074
1132,-0.03597859585018344
1133,-0.06750399182212218
1134,-0.0923529977529303
1135,-0.07334282432723589
1136,0.13175393280894285
1137,0.14662332591911703
1138,-0.11752506617620607
1139,-0.062017628855957685
1140,-0.025528460266147152
1141,-0.016665719687447008
1142,-0.04621598326978613
1143,-0.01771180642345946
1144,-0.05813615083957893
1145,-0.05173901775333391
1146,-0.09844983663965926
1147,-0.010127384454354753
1148,0.1585896496451087
1149,0.10596001064859695
1150,0.1467019878986793
1151,-0.0388860035147398
1152,-0.011571627308825074
1153,-0.03280845599421117
1154,-0.043762638565511186
1155,0.03978447456354471
1156,0.02531954885897135
1157,-0.01932607849585382
1158,0.0023149493005326085
1159,-0.018795469496953213
1160,-0.0560189337552217
1161,0.008429708057026987
1162,-0.06495358550398268
1163,-0.02812003539977473
1164,-0.021529963485828175
1165,0.035083223675334126
1166,-0.005297742008156369
1167,-0.03422946240056101
1168,-0.05180814214299638
1169,0.16625980307702784
1170,-0.08811180760613294
1171,0.18422377181556412
1172,0.16364338653883592
1173,-0.04074623027276058
1174,-0.0937464302335826
1175,-0.06886502883339735
1176,0.011403843300399813
1177,-0.021319230194464408
1178,0.04054526460542397
1179,0.0016540360690979659
1180,-0.051079227129281486
1181,-0.05559592325150094
1182,-0.03949664733223682
1183,0.1109141762077796
1184,0.009938611994363524
1185,0.1907127599680444
1186,-0.026678605479246505
1187,0.0265464544043448
1188,0.009926478606110446
1189,-0.04585789420213554
1190,-0.06808326812291222
1191,-0.049750977007353335
1192,-0.022807702261204186
1193,-0.0560460262436661
1194,-0.01932607849585382
1195,0.02876451158625418
1196,-0.08220838843630769
1197,-0.031868400429838926
1198,-0.06626326680453504
1199,0.05006211961445447
1200,-0.005831547841784597
1201,-0.03164599984681209
1202,0.19371951276910113
1203,0.13506312337921003
1204,0.13662141331310054
1205,0.0011819785562607518
1206,-0.05092441546451329
1207,-0.05921664314452908
1208,-0.03163163609376444
1209,-0.06963339224130308
1210,-0.04274758409392837
1211,-0.09862067919718304
1212,-0.0100733702904605
1213,-0.015371828262582602
1214,-0.008099290381391252
1215,-0.02812003539977473
1216,-0.05145243328159564
1217,0.17852421332410756
1218,-0.02805534644523845
1219,-0.06923550363577238
1220,-0.00867091296886955
1221,0.13753593565862993
1222,-0.036084453768951134
1223,-0.027686208463075353
1224,0.001635628449124452
1225,0.14750063282898834
1226,-0.0334991344082568
1227,-0.04635758082231996
1228,-0.0833277790490479
1229,-0.02222448319567412
1230,-0.03641243523797946
1231,0.1441404977277769
1232,-0.024667317671491714
1233,-0.009421162273858592
1234,0.03239621284611518
1235,-0.04423676737367929
1236,0.1721502902010091
1237,-0.05980124550740845
1238,-0.014473592696513268
1239,-0.06063506641185723
1240,0.057292026020104074
1241,0.14752878800630384
1242,-0.022753832514203907
1243,-0.05083301627603734
1244,-0.04260010291620203
1245,-0.04928172469941686
1246,-0.019789511175962855
1247,0.123859420133287
1248,-0.000237175227544136
1249,-0.014670644416676055
1250,0.009652019613538195
1251,-0.05454195682137685
1252,0.18244749840614075
1253,0.1593676112689198
1254,-0.03873550225449974
1255,-0.040011515925068936
1256,-0.033701242472969066
1257,-0.024361904579135285
1258,-0.05577081011475398
1259,-0.0213856252503648
1260,-0.04593022793240809
1261,-0.06478810728368233
1262,0.1710169916537796
1263,-0.07720710544915035
1264,0.04576432434318288
1265,-0.079228094651584
1266,-0.022657671902461273
1267,-0.038065260762753135
1268,-0.03609940782441312
1269,-0.07499310127651816
1270,-0.08060138939332119
1271,-0.04434867354327884
1272,-0.019549607382227472
1273,-0.00692234402834011
1274,-0.03858457740836708
1275,0.001635628449124452
1276,-0.06945662504841096
1277,-0.045906096282834846
1278,0.010794447506209786
1279,-0.0110547910612074
1280,-0.010411588622402313
1281,0.019444748085932814
1282,-0.03892184206908249
1283,-0.036544342599410334
1284,-0.03441154278117518
1285,0.05304333248034475
1286,0.1562152361351891
1287,-0.1095105407020321
1288,0.11098793482950699
1289,0.05542274399232223
1290,-0.021997313084994995
1291,-0.002516804928957832
1292,-0.005205029287994747
1293,-0.044120534633820624
1294,-0.037163078045319604
1295,-0.039946686078949335
1296,0.10491726707240992
1297,0.14576927234936465
1298,-0.03697866133142115
1299,-0.10430998777666864
1300,0.14382665348938878
1301,-0.025434215597085707
1302,-0.03609537743373857
1303,-0.05604116918357851
1304,0.002254146022263413
1305,0.021264481150994344
1306,0.12761466504270969
1307,-0.015132542554761725
1308,-0.020213202359719754
1309,-0.04913990384211219
1310,-0.0017470669293789057
1311,-0.07218998698596843
1312,0.026438664081329766
1313,0.16062831326516594
1314,0.015248175890846021
1315,-0.05168713741732364
1316,0.18007836490642629
1317,-0.030866931272886557
1318,-0.02426012243401637
1319,-0.033009907579534745
1320,-0.06556574459851622
1321,0.03410058702388519
1322,-0.03456260125643303
1323,0.047133671707380954
1324,-0.03841392349634693
1325,0.15686449957407608
1326,-0.08604871850578338
1327,-0.03066933194399191
1328,-0.05668453288916339
1329,-0.07535257731930774
1330,-0.032372469977905834
1331,-0.04970845126871794
1332,-0.061655412200994415
1333,0.019090160040313962
1334,-0.015502785498531712
1335,-0.04487444868451446
1336,-0.05258783016253843
1337,0.005834613507333984
1338,-0.06991778052491543
1339,-0.0826335955853156
1340,-0.006831521673035664
1341,-0.03596942675240772
1342,-0.039883608179999176
1343,0.161984479468574
1344,0.05027255496155835
1345,-0.07066368921470632
1346,-0.06395390109866238
1347,-0.05366240429927398
1348,-0.08201312487848395
1349,-0.025679853788365944
1350,-0.0529157423658782
1351,-0.10366771092057668
1352,-0.043231098331967144
1353,-0.05823531377977025
1354,-0.03066933194399191
1355,-0.03280210027636055
1356,-0.051057128662610696
1357,-0.08313903732534499
1358,-0.03268941157766322
1359,0.13234684710385253
1360,-0.06358316716135072
1361,-0.03611454378982645
1362,-0.042265669961603566
1363,-0.02298098851308885
1364,0.1686491397995915
1365,-0.011180344170222047
1366,0.18244749840614075
1367,-0.007701697222267451
1368,-0.04733997489441053
1369,-0.06633285253756827
1370,-0.020839443879672993
1371,-0.02995346759463221
1372,-0.03388865748123087
1373,-0.03320022426147019
1374,0.03093331247588138
1375,-0.06941943560876031
1376,-0.07991266599526725
1377,0.02547926853999139
1378,-0.05956327424226373
1379,-0.06965255780051556
1380,-0.06896122294242941
1381,0.1497307905770045
1382,0.027929393988937852
1383,-0.08363520334361127
1384,-0.03724975425591232
1385,-0.037930428255477266
1386,-0.028508288405386665
1387,-0.04073100868122331
1388,-0.024659598676733167
1389,-0.023906709684331725
1390,0.03645942765745788
1391,0.09540403988059609
1392,-0.05126851086002348
1393,-0.031244922016375805
1394,-0.030551384948318803
1395,-0.04521385121816495
1396,0.15324451155655036
1397,0.020869351106397913
1398,-0.0496246688847499
1399,0.12567535555602424
1400,0.15889476512963774
1401,0.011410729377180079
1402,-0.04188578468279292
1403,-0.02746227610636668
1404,-0.012026401603196036
1405,-0.0020282077014921874
1406,-0.06883358262333923
1407,-0.027156447128647013
1408,-0.045768333832150974
1409,0.058094277533970486
1410,0.03489576859894807
1411,0.026630046999804785
1412,-0.036709098129291094
1413,0.008768575978664725
1414,-0.09220735679130522
1415,0.14309243194970614
1416,-0.03425037291272605
1417,-0.01640012246869681
1418,-0.06261195562875223
1419,-0.027787295055980377
1420,-0.03463796796772924
1421,-0.027853164964461868
1422,-0.028552597026902257
1423,-0.06595009670638532
1424,-0.04815560232930908
1425,0.03206265529611959
1426,0.03489576859894807
1427,0.002985195023683879
1428,-0.07601834457209455
1429,0.11346526396683101
1430,-0.025300783608402305
1431,-0.019942969691803238
1432,0.11776206952251542
1433,-0.06406840157269232
1434,-0.0704559452690152
1435,0.15091978616144283
1436,0.14305785457252282
1437,0.016121677834477745
1438,-0.027248558924685987
1439,0.018881975616002702
1440,-0.03607220917000222
1441,-0.053940570114139025
1442,-0.012305039282989065
1443,0.11162624810086619
1444,0.1465817080342492
1445,-0.03960244484290068
1446,-0.06094596983953223
1447,0.1896262302227608
1448,-0.049219293720760865
1449,-0.023026519296214347
1450,-0.0321185446338754
1451,-0.06142998007076706
1452,-0.062105748977550404
1453,-0.033785084497114815
1454,-0.030574659460443857
1455,0.013377664403058338
1456,0.006299308343607867
1457,-0.07001006670742276
1458,0.010590098371403055
1459,-0.033888188273828036
1460,-0.006186581915597266
1461,-0.03040022078129876
1462,-0.092690672359442
1463,0.13006701948324853
1464,-0.06366356267115776
1465,-0.0822008600579432
1466,-0.04690326973811712
1467,-0.0473025881675608
1468,-0.04187878822527793
1469,-0.03741666769107449
1470,0.12750820230301144
1471,-0.07511882595648006
1472,-0.028696533226902066
1473,0.029743847449428845
1474,-0.0503149553206856
1475,-0.0721269756163147
1476,-0.05598363582924326
1477,-0.02929719771104541
1478,-0.04678375002920654
1479,-0.014197446927264793
1480,-0.04385290355239531
1481,0.11055813412278978
1482,-0.0036626657514538656
1483,-0.05840804125496969
1484,-0.029167618166400136
1485,-0.045064729728565275
1486,0.16159717458178308
1487,-0.01362804031027049
1488,-0.08328363650257135
1489,0.15101237209844995
1490,-0.03812782903789652
1491,-0.06254523833694943
1492,-0.04765572748195711
1493,-0.016722289922265352
1494,0.2181032583195612
1495,-0.05658958044628173
1496,-0.007416737675910515
1497,-0.05503098797394318
1498,0.15799796356828572
1499,-0.08432136950372074
1500,0.14177171387385618
1501,-0.02283776461769129
1502,-0.04781735666863372
1503,-0.038039414560954166
1504,-0.033936491110357056
1505,0.06697144571793442
1506,-0.012265208437548058
1507,-0.05547117522448453
1508,-0.023755189682163492
1509,-0.01032648124040931
1510,0.16557875850185372
1511,0.12948113205657302
1512,-0.039516077634985276
1513,-0.06308269999257009
1514,0.1719283859175689
1515,-0.06276407437104467
1516,-0.039244020334031474
1517,0.1813383901796874
1518,-0.0658793686339265
1519,-0.02835409857559516
1520,-0.04774585697753905
1521,-0.018190029584932824
1522,-0.06967849127458478
1523,-0.06333938289579133
1524,-0.11023053137818095
1525,-0.0394469033606499
1526,-0.04538934410198383
1527,0.00010164238257773878
1528,-0.009936264137481384
1529,0.17414284947738654
1530,-0.06340496612863337
1531,-0.09338925073862749
1532,0.1612896413435694
1533,-0.05869077033284629
1534,-0.0052895473193920834
1535,-0.04305854062797537
1536,-0.011084015959895279
1537,0.11852247802405085
1538,-0.049675727953463714
1539,-0.037232825973004036
1540,-0.013327209183043783
1541,0.025238370547977187
1542,-0.035150107269446826
1543,-0.05984135185453551
1544,-0.043373016606739645
1545,-0.0465461988565308
1546,0.13362441137978817
1547,-0.04100480239862507
1548,-0.07715521355142443
1549,-0.005976440550052127
1550,-0.0238322817903635
1551,-0.05136122886062871
1552,-0.04176334940218087
1553,-0.018569268282459674
1554,0.16361782969057134
1555,-0.04973835825835424
1556,-0.038362228325569965
1557,-0.004665759869817066
1558,0.1682480863564221
1559,-0.051543336389037644
1560,-0.07334339974906542
1561,-0.01848430120458456
1562,0.13023247303487326
1563,0.19052367315977625
1564,0.1529754670331657
1565,0.1747975513519602
1566,-0.016618137438029108
1567,0.00889860995709146
1568,-0.03649964457719481
1569,-0.03684192825475328
1570,0.016309653955336022
1571,-0.08495219126546875
1572,-0.043045383320197465
1573,0.04052360664753045
1574,0.21860831669971542
1575,0.1356704577548991
1576,0.027812881298249437
1577,-0.02044606831860897
1578,-0.0533290379959916
1579,-0.018417836509415208
1580,-0.027498541419261294
1581,-0.0559453897739154
1582,-0.029221838519640334
1583,-0.0572261340666652
1584,-0.021212884686849846
1585,-0.030069668549793916
1586,-0.020524501343847208
1587,-0.03701827401857813
1588,-0.061187405040648186
1589,0.16028832981683025
1590,-0.030102790454942706
1591,0.15325519844251104
1592,0.1242248632473559
1593,-0.03230496602984899
1594,0.024267190319122046
1595,0.2143858313233929
1596,0.005121896157153813
1597,-0.041178460329659286
1598,-0.026191499920768267
1599,0.03995805537798578
1600,0.09540403988059609
1601,0.011740680907974
1602,0.084165757463737
1603,-0.0046232787686154644
1604,-0.015383566320227202
1605,-0.06163291753264246
1606,-0.045760221160893774
1607,-0.024788042088503656
1608,-0.017254094739381325
1609,0.027710547275766117
1610,-0.037119016933553774
1611,0.18376032554810812
1612,0.011908754635123753
1613,0.009731764461146191
1614,0.12622095118498655
1615,-0.055865881001088545
1616,-0.05771094351932186
1617,-0.037498737591597865
1618,-0.00808709011106205
1619,-0.05035491101535594
1620,-0.06824945846762961
1621,-0.045278390166797466
1622,-0.019678416516548572
1623,-0.044396626467245334
1624,0.19813569965416555
1625,0.018936314418774088
1626,-0.03741504023483668
1627,-0.00013479960384614982
1628,-0.026871820889298844
1629,-0.015048024055982573
1630,-0.030692270722513515
1631,-0.04531158443772988
1632,-0.04952878224265577
1633,0.025354944867446116
1634,-0.06572518620548119
1635,0.14841626906131106
1636,-0.06092836067035834
1637,0.12780519598784004
1638,-0.03771030850371595
1639,0.03239499010065063
1640,-0.02839969232852611
1641,-0.04816769538119291
1642,-0.029008719720436806
1643,-0.04601588570439932
1644,-0.04687913360910368
1645,-0.06660786518477178
1646,-0.036309701349281
1647,0.0035585238639666687
1648,-0.04853574078902857
1649,0.19419235516371477
1650,-0.01935617096705411
1651,0.00046437295414782055
1652,-0.019438392021836427
1653,-0.015241798883372059
1654,0.13073048481568472
1655,-0.07733362205807312
1656,-0.05300402411135821
1657,-0.05939231795045491
1658,0.004201572597953496
1659,-0.011868825782664126
1660,0.13009757343576386
1661,-0.021925678002328235
1662,-0.04008006883399222
1663,-0.04708804917831859
1664,0.019032121924249926
1665,-0.03337234689319718
1666,-0.03494837070464075
1667,-0.04533808478861249
1668,-0.020306387062415533
1669,0.172438211525787
1670,-0.026386372770268795
1671,-0.08680852077694623
1672,0.11071996180562178
1673,-0.021727116840470934
1674,-0.02736007741912411
1675,-0.027605653538041057
1676,-0.03991931435996077
1677,-0.032212299772867624
1678,0.15401903426883518
1679,-0.01257584977143849
1680,-0.07156485918272974
1681,0.01802885078578742
1682,-0.05273003883456176
1683,-0.001854384651982225
1684,0.1640268721374224
1685,-0.03435488683973144
1686,-0.02948127053775682
1687,0.12328448118013914
1688,-0.0308788523884182
1689,0.028995428362283342
1690,-0.06493605693705647
1691,-0.01640012246869681
1692,-0.002957322383075956
1693,-0.03587901783351936
1694,-0.033839275246681615
1695,0.15598923398694153
1696,-0.06921156471137538
1697,-0.050142412496344636
1698,-0.06252486477039569
1699,-0.05073449452552234
1700,-0.035150107269446826
1701,-0.061913194292943494
1702,0.16725447062969717
1703,0.17358730030686806
1704,0.15869065724938514
1705,-0.04169567943253806
1706,-0.07552325048083297
1707,-0.03317445668315399
1708,-0.03916656993320066
1709,-0.055471516582175966
1710,-0.015838575756590593
1711,-0.03805073305247209
1712,0.15728762272550223
1713,-0.030102790454942706
1714,-0.012018267049522755
1715,-0.08638396238344408
1716,-0.07118919285716814
1717,-0.031930284778618596
1718,-0.0430021230087592
1719,0.15678412637983766
1720,-0.0684587365740489
1721,-0.011215680320531312
1722,-0.07864374432957279
1723,-0.009005490433496834
1724,-0.0619626275551232
1725,-0.03633101579116213
1726,0.05037844478795915
1727,-0.0684587365740489
1728,-0.0271487088542604
1729,-0.023026519296214347
1730,-0.018977866110374088
1731,-0.06409980737517842
1732,-0.043527367771486365
1733,0.0028341013987048373
1734,0.017163895366769648
1735,-0.039563867242882515
1736,-0.018572398367544422
1737,-0.025163652651042853
1738,0.145345527422847
1739,0.16358525468616264
1740,-0.0674830113199913
1741,0.13152837925601926
1742,0.1464631941214634
1743,0.08853501191941836
1744,-0.05221055225371467
1745,-0.04435298310542181
1746,0.04560537097233466
1747,0.02353547433867333
1748,-0.023993971323846005
1749,0.002770449943547785
1750,-0.029816389156165322
1751,-0.06976635195722211
1752,-0.01654053557876625
1753,-0.03314249306370135
1754,0.004634680023195381
1755,-0.02976114182074686
1756,0.04052360664753045
1757,-0.06210686040387606
1758,-0.03940659749070959
1759,0.015248175890846021
1760,-0.021500984343979138
1761,-0.03369034441657867
1762,-0.03873550225449974
1763,-0.05517103724451711
1764,-0.03873550225449974
1765,-0.0546478162720388
1766,0.14376801023554853
1767,-0.02841024909978954
1768,-0.03843848793712826
1769,-0.0462386222637371
1770,-0.039848720042208095
1771,0.012523851036434934
1772,0.012152101376990071
1773,-0.028398733227253864
1774,-0.03960895760836528
1775,-0.04748441954287588
1776,0.030819981154738472
1777,-0.03523542377605627
1778,-0.00701495760247712
1779,-0.01805978200600592
1780,-0.01492886755097588
1781,-0.009042326712139271
1782,-0.06469264663267349
1783,0.04052360664753045
1784,-0.0773042148457788
1785,-0.03638941690446177
1786,-0.024586106872406945
1787,-0.028730977516528786
1788,-0.018355252278247393
1789,-0.049219293720760865
1790,-0.022620610021432057
1791,-0.02916453318258266
1792,-0.06576028134863594
1793,-0.07794751733613242
1794,-0.04816769538119291
1795,-0.02888007004682581
1796,-0.04056894921829479
1797,-0.04893487254575643
1798,-0.055745576790430254
1799,-0.07201447961451858
1800,0.1553741499068416
1801,-0.07549979073260957
1802,-0.04177291483399073
1803,-0.045900805162806674
1804,-0.03456778105832043
1805,-0.006822085765022903
1806,0.17827684902630758
1807,0.0642460930413073
1808,-0.027507593935345697
1809,-0.04302916423630235
1810,-0.06201268376589058
1811,-0.0524658629420374
1812,-0.026806639872751465
1813,0.014721713502532095
1814,-0.02279487898636759
1815,-0.0025744072557916365
1816,-0.05221055225371467
1817,0.17219505226325568
1818,0.01473085413722276
1819,-0.016241550907554306
1820,-0.036433996519123525
1821,-0.007921478530041798
1822,-0.07047006651556645
1823,-0.04616766702938285
1824,-0.040407545055373605
1825,0.016575095745393637
1826,-0.04609098970890104
1827,-0.04110510698022465
1828,-0.08168693207916189
1829,0.011461235478821056
1830,-0.030494356443064585
1831,-0.06252486477039569
1832,0.12575807282547719
1833,0.008807103389789338
1834,-0.02794643029093991
1835,0.01097563352677072
1836,-0.0506290404117068
1837,0.0027875134164772023
1838,-0.032343354757901115
1839,-0.06296813763766693
1840,0.00074376211628959
1841,-0.05232911899380201
1842,-0.03839438231919955
1843,-0.07523371106281113
1844,-0.03744382784346782
1845,-0.04535395250465128
1846,-0.0740202620609902
1847,0.019625452703468937
1848,-0.03932259874651196
1849,0.1159057925274969
1850,0.15936273637957638
1851,0.1251267109103384
1852,-0.03540453448185784
1853,-0.061653155834801535
1854,0.17052334568511163
1855,-0.0555185693514696
1856,-0.035628059882924494
1857,0.1414033575061207
1858,0.15063488726551974
1859,0.0020901549367358975
1860,0.15896666659161998
1861,0.12118377132406974
1862,-0.06210190152699752
1863,0.20642957883015908
1864,-0.0005523343590001108
1865,-0.034892421232335734
1866,-0.017659475652759833
1867,-0.0525557203717561
1868,0.03851620740364626
1869,0.1574464292109109
1870,-0.004177225979781012
1871,0.17603777392207962
1872,-0.0011144212199399465
1873,-0.026022824045795437
1874,-0.043596599555370416
1875,-0.011354206916740644
1876,-0.042064147547405464
1877,-0.010994913482274727
1878,-0.0878020130902079
1879,0.11136016653744843
1880,-0.008668793390751807
1881,-0.01011787618064657
1882,-0.05858021144880298
1883,-0.0412209760572773
1884,0.0029335780335060227
1885,-0.03457453740475172
1886,-0.07908391570431977
1887,0.18221931156925858
1888,-0.04865900785874189
1889,-0.06368834912272252
1890,-0.0012415112575236977
1891,-0.026269689153457784
1892,-0.030339172541701757
1893,0.1722265336100169
1894,-0.008487061427075778
1895,0.1607313426087088
1896,0.15489895115685762
1897,-0.060217477041173445
1898,0.15469712530371396
1899,0.19177527901828037
1900,-0.00905254958393971
1901,0.0511080621591681
1902,-0.03311869628829247
1903,-0.06409408593734749
1904,0.02218293847997992
1905,-0.055694365409177195
1906,-0.00108554480042463
1907,-0.006754732333393327
1908,-0.04458342674146257
1909,-0.051653664690233046
1910,-0.03099778092518072
1911,-0.03209482725130291
1912,-0.002923405839309253
1913,-0.03874267814989822
1914,0.11480596517812501
1915,-0.04606615389975179
1916,-0.03348140582919124
1917,-0.04266496876088237
1918,-0.05315493441314685
1919,-0.03632164366217312
1920,-0.011912165925371398
1921,-0.11532406610853398
1922,-0.00902492255996555
1923,-0.03177919415725855
1924,0.20700008688661675
1925,0.07494762895801298
1926,0.034187462136642685
1927,-0.048098387368431444
1928,0.001391319617573557
1929,-0.03750004371774086
1930,-0.05189341124909303
1931,-0.020673288690080845
1932,0.05018580362563591
1933,-0.05897736144849619
1934,-0.11232863057391498
1935,-0.02924946905909961
1936,-0.003770561584514713
1937,-0.02817413020241685
1938,-0.045593880762578524
1939,-0.034030014331693746
1940,-0.04755406864183148
1941,-0.07043141394628148
1942,0.1283640966118527
1943,0.18739977999862695
1944,-0.05111377615080899
1945,-0.039808344651761036
1946,-0.06263732686937623
1947,-0.039863802950232764
1948,-0.0343429133703772
1949,-0.026626327718989568
1950,-0.060857008481043987
1951,0.03801548855827796
1952,-0.01960358954426831
1953,-0.0333139009816378
1954,-0.02116424242657993
1955,0.10842758691180682
1956,-0.013934979939796978
1957,-0.04520540825493953
1958,-0.04253652387601021
1959,0.17797929297971404
1960,0.1945823350907456
1961,0.0073921507138297315
1962,0.14753009761007455
1963,-0.0635590999904012
1964,-0.07245519536637092
1965,0.03463124755972438
1966,-0.013883550821295778
1967,-0.04971818833076738
1968,-0.05686810949478358
1969,-0.026940814145434307
1970,-0.043508053288046036
1971,-0.028240056301423424
1972,-0.08934729331133416
1973,-0.03508293923614032
1974,-0.014359727549359647
1975,-0.0666122851022967
1976,0.060848473330861796
1977,-0.046080507765564056
1978,-0.06335484797426993
1979,0.15452869629223406
1980,0.16315516001953292
1981,-0.0531739021112605
1982,-0.026714008407864673
1983,0.004364124321924977
1984,0.008650149087960088
1985,-0.020926313361151194
1986,-0.020011426601373
1987,-0.03496458737910128
1988,-0.06900285447797087
1989,0.03801548855827796
1990,-0.06533612112225627
1991,-0.02102707542469103
1992,-0.03359937654829984
1993,0.12763010051667723
1994,0.1273725534942165
1995,-0.002003944740389158
1996,-0.06706461193354699
1997,-0.03804090729228367
1998,0.0337826310177132
1999,-0.050241111612304504
2000,-0.04624049496356211
2001,-0.04442625697184219
2002,-0.009400661113229217
2003,0.1790521642828472
2004,0.12598291187314867
2005,-0.008487061427075778
2006,-0.043215503247145653
2007,-0.05123273145327693
2008,-0.07225360648944483
2009,-0.043154594499998505
2010,-0.0457734470542737
2011,0.15958759385196694
2012,-0.010727179070579055
2013,-0.06422823817992604
2014,0.17342062514863102
2015,-0.060603761502847325
2016,0.17214682752369853
2017,0.1616709815038954
2018,-0.0004744374342747824
2019,-0.06057429727621364
2020,-0.004981634940151843
2021,0.004321201176430961
2022,-0.08651990805156971
2023,0.14213295888944208
2024,-0.03826867031739662
2025,0.05723570368058755
2026,0.12822120605095128
2027,0.02379992166631458
2028,-0.06252486477039569
2029,-0.037522223896099854
2030,-0.046557446890059404
2031,0.014721713502532095
2032,0.01473085413722276
2033,-0.022657671902461273
2034,0.05329054626334112
2035,-0.034404629809543674
2036,0.1318808384623705
2037,-0.029479274728983495
2038,-0.03873550225449974
2039,0.040001103328435775
2040,0.04333261482669266
2041,0.15334646739714475
2042,-0.04255129408116784
2043,-0.045593880762578524
2044,-0.03821934351468263
2045,-0.02166237637309418
2046,-0.039119356976550376
2047,0.040001103328435775
2048,0.026049948774962944
2049,-0.0048616389343359
2050,0.03179314782147382
2051,-0.05540150497851207
2052,0.006775686686308163
2053,0.03419196345126132
2054,0.011328480309384556
2055,-0.0305545883643883
2056,-0.041221444479646936
2057,-0.04417723868201078
2058,-0.024076581680117348
2059,-0.02427584759528729
2060,-0.026213781200033426
2061,-0.060061794467143464
2062,-0.012678192814516464
2063,0.05285036708563187
2064,-0.028993897106245874
2065,-0.0412209760572773
2066,-0.07471648822921921
2067,-0.06199883534896618
2068,-0.049558504300492016
2069,-0.04254329298118496
2070,-0.11184312514939283
2071,-0.019528700765671324
2072,0.04052360664753045
2073,-0.03750004371774086
2074,-0.007988474164189194
2075,-0.022641523605435004
2076,-0.005820518610833298
2077,-0.003114276904759482
2078,-0.054171078397072074
2079,-0.03832945563006583
2080,-0.03399737562977096
2081,-0.04321612284839455
2082,-0.0399645395857809
2083,-0.058573130228009404
2084,-0.046953318192484786
2085,-0.03148245780043896
2086,0.1717982102320258
2087,-0.0019777206697679066
2088,0.15207111363539905
2089,0.16366551747302055
2090,0.014416730295031327
2091,-0.05358277325441972
2092,0.14279280952798487
2093,-0.10269986256115511
2094,0.13826167207722512
2095,-0.038090627387516965
2096,-0.05443616181153771
2097,-0.06789271639404525
2098,-0.006243832854585248
2099,-0.014532855676143425
2100,0.040001103328435775
2101,-0.0004744374342747824
2102,0.025805075508769124
2103,0.12303761854093406
2104,0.008230579490689347
2105,-0.03625632525427416
2106,-0.055840086524743406
2107,-0.00032235978698286406
2108,-0.04236455479559758
2109,-0.002288199314643072
2110,-0.07878023765770695
2111,-0.023026519296214347
2112,-0.031525663438932774
2113,-0.01643952688943004
2114,0.12415812057289256
2115,-0.04139153419471842
2116,0.02642261611600756
2117,-0.030182426351969736
2118,-0.027378016915722232
2119,-0.029186689014535246
2120,-0.034536458842748675
2121,0.015449985433513072
2122,-0.05313126805477701
2123,-0.0010903980039772857
2124,0.001635628449124452
2125,-0.05553420064817096
2126,-0.04928700554188696
2127,-0.04341412103943982
2128,-0.028153743270568278
2129,-0.06291801398519975
2130,0.012477688990672559
2131,0.02419449654039416
2132,0.1125719563621802
2133,0.1442660092793084
2134,-0.03848062393326498
2135,-0.03730342417627284
2136,0.03408337662571582
2137,-0.031595480716701325
2138,0.11862543178521175
2139,0.12488795750068284
2140,-0.08111971133823224
2141,-0.057352366741542433
2142,-0.027248558924685987
2143,-0.043215557750343435
2144,-0.06638710214762612
2145,0.03905912044835354
2146,-0.06456700135940158
2147,-0.005297742008156369
2148,-0.05100796753399608
2149,-0.06562038849495504
2150,-0.03502593391776934
2151,0.03460879743039745
2152,-0.04241962537399789
2153,-0.02876531863692114
2154,-0.06295075020881591
2155,-0.05237104575788348
2156,0.16872077863386112
2157,-0.03597524285207269
2158,-0.09118225944070828
2159,0.0024781623197002254
2160,-0.03634950626226913
2161,-0.03606429707600144
2162,0.017130637227982158
2163,-0.05435812820003262
2164,-0.04935231817497851
2165,0.15513294691669066
2166,-0.09291956509811616
2167,-0.03611454378982645
2168,0.040001103328435775
2169,-0.03849214980288133
2170,-0.09849836797240044
2171,-0.046557446890059404
2172,0.031746628181846315
2173,0.0060700487476796905
2174,-0.020210921764252536
2175,-0.0029169275986123283
2176,-0.0684587365740489
2177,-0.013883550821295778
2178,-0.025567413652737334
2179,0.15092478252578817
2180,-0.027409178584921666
2181,0.1772942195072759
2182,-0.05013443745201539
2183,-0.06590845475627012
2184,-0.048940474219632296
2185,-0.04479608981850185
2186,0.0030933247204723343
2187,-0.04075712448171828
2188,-0.038261424318585424
2189,-0.04458124589930265
2190,-0.04572287259434398
2191,0.12696096881188995
2192,-0.0629974940510136
2193,-0.049075958876671225
2194,-0.0011247381627776157
2195,-0.0057096687122339985
2196,0.03645942765745788
2197,-0.041221444479646936
2198,-0.09628994977508337
2199,0.1338321126327825
2200,-0.0630236725713006
2201,-0.0651074762737379
2202,-0.051157035413753466
2203,0.007279712748129083
2204,0.17527466083181276
2205,0.034187462136642685
2206,0.15153738754393395
2207,0.17265109199249418
2208,0.028504501747688697
2209,-0.03998702301778813
2210,-0.00942176427727959
2211,-0.04206697799737157
2212,-0.04984409751095197
2213,-0.0492314553963821
2214,0.016834614493929156
2215,-0.02817413020241685
2216,-0.022998351313423638
2217,-0.06182020125647433
2218,0.1055582946398746
2219,0.1412985541420309
2220,-0.05452905567675715
2221,-0.06943521575908908
2222,0.029608561088483094
2223,-0.03803545539932194
2224,-0.06539111301695795
2225,-0.03926049174330759
2226,-0.02774622691957178
2227,-0.06598075670888565
2228,0.03463124755972438
2229,0.02461096681734084
2230,0.0258624538106297
2231,0.15606276978176792
2232,0.17946059251113933
2233,-0.04094777390639564
2234,-0.060267344808779794
2235,-0.06853288726958573
2236,0.1614882421271754
2237,0.14212049860754103
2238,0.1344189587750176
2239,-0.03751959375191612
2240,0.21860831669971542
2241,-0.04236455479559758
2242,-0.056172420530691776
2243,-0.0018024648782199427
2244,-0.042557725361892985
2245,-0.0805058192922826
2246,0.17064917088552883
2247,-0.05151008800770116
2248,-0.04631962180960829
2249,-0.052471253109282426
2250,0.03419196345126132
2251,-0.06112982990784316
2252,-0.05703990128288956
2253,-0.017830376347164972
2254,-0.06537165359861842
2255,0.026630046999804785
2256,-0.02013437206234292
2257,-0.044545612770894326
2258,-0.03644957952725335
2259,-0.04945414500347792
2260,0.0030508080933271614
2261,-0.0674096252325523
2262,-0.09648766358961407
2263,0.005782831177997684
2264,-0.03916656993320066
2265,-0.051105921153847635
2266,-0.03909759720204622
2267,0.15206267232838613
2268,-0.04178716908966111
2269,-0.11559011561630758
2270,-0.014280116852112135
2271,0.014729061827896172
2272,-0.06195884635990851
2273,0.11549661870005168
2274,-0.05348564503012604
2275,0.021412388537260216
2276,-0.03371253920866231
2277,-0.03974889208612026
2278,-0.03695027146083139
2279,-0.03746592191347595
2280,0.13758582543346293
2281,-0.046886185770488226
2282,0.10920159232974798
2283,0.15489045766586187
2284,-0.048508117520909395
2285,-0.030692270722513515
2286,-0.02086235381990432
2287,-0.09047682058104639
2288,-0.024479399524792236
2289,-0.023026519296214347
2290,0.18041976190338332
2291,-0.04928700554188696
2292,-0.06259362948752852
2293,-0.06312576182141781
2294,0.1253179862189184
2295,-0.016879309587815198
2296,-0.01976655921674477
2297,0.019313418744870952
2298,-0.05166621696386637
2299,0.1944095187011989
2300,0.1758093960400522
2301,-0.06790728760712182
2302,-0.015838575756590593
2303,0.024508651784410626
2304,-0.059215003433541996
2305,-0.042743265259739996
2306,-0.034359036660490824
2307,-0.06524945454404676
2308,0.14160869351704541
2309,-0.03768961928394951
2310,-0.03564808485979597
2311,-0.002626640625660922
2312,0.0014098996979549628
2313,-0.0385876038373615
2314,-0.04506445875979738
2315,-0.02146173768094424
2316,-0.04689182340475864
2317,-0.04864344424576961
2318,-0.0035493085204425026
2319,-0.05087887118325517
2320,0.043524813918142016
2321,-0.01771180642345946
2322,0.00506598506767087
2323,-0.0641526841731772
2324,-0.09697379145434348
2325,-0.013883550821295778
2326,-0.042585946080607964
2327,-0.06646227576758174
2328,-0.04872909393513433
2329,-0.0406816575274867
2330,0.12047598343725675
2331,-0.012018267049522755
2332,0.15272955778786837
2333,-0.03928489209154953
2334,-0.059008625626121906
2335,0.11120787794539018
2336,-0.007679049847243117
2337,-0.018168163725079782
2338,-0.05449889609296971
2339,0.11328050677096785
2340,0.027400951414234504
2341,0.17399388886792763
2342,-0.04524374531352263
2343,-0.04218789914547097
2344,0.18056435845360025
2345,0.0483723725352147
2346,0.15643676046419672
2347,-0.025312596276012712
2348,0.031746628181846315
2349,-0.04627185634875015
2350,-0.047920257702788877
2351,-0.016665719687447008
2352,-0.020248816861261544
2353,-0.07064824940769543
2354,-0.022932601959559536
2355,-0.03427622608632566
2356,-0.029730201600341198
2357,0.0012698627822339086
2358,-0.03634950626226913
2359,-0.05677011008325543
2360,0.025330051881526355
2361,0.026630046999804785
2362,0.026630046999804785
2363,-0.07466138688848456
2364,-0.05930724264523009
2365,0.006801033352083732
2366,-0.06890001975814132
2367,-0.06628007099051304
2368,-0.04010046459243497
2369,-0.07454433492283598
2370,-0.03611454378982645
2371,-0.026337281045387143
2372,-0.0249169957793564
2373,-0.01822620251429467
2374,-0.07085906407189545
2375,-0.049675903305079275
2376,0.15523500676553298
2377,-0.03854239430290642
2378,-0.030208036429926113
2379,0.18000220061641856
2380,-0.03340330837453087
2381,-0.038387642526695506
2382,0.1504109573690452
2383,-0.014678670694960084
2384,-0.040646021561339896
2385,-0.023234244342858656
2386,-0.026276868701060607
2387,-0.020571768619657416
2388,0.16778078712531783
2389,0.0181171477446091
2390,-0.04815213197602333
2391,-0.01941699957644169
2392,-0.03566673247906753
2393,-0.028671817961832463
2394,-0.0715525613244656
2395,0.013655910094404195
2396,-0.047476913072177454
2397,0.1786553863431432
2398,0.07742547884739606
2399,-0.038744977992618
2400,-0.07793421760076993
2401,-0.02725779803525011
2402,0.008716825350769739
2403,0.153036446765699
2404,0.15873037467486184
2405,-0.06775347522382966
2406,-0.043528696499519515
2407,-0.058996419141512324
2408,-0.10281105123821015
2409,-0.024619055370939585
2410,0.15620669094931422
2411,0.11577710254763378
2412,0.002750291215224246
2413,-0.04671047365716639
2414,-0.02786942268359285
2415,-0.02964836437985958
2416,-0.01154094295889417
2417,-0.08197774259455382
2418,0.011908754635123753
2419,-0.04802818220484322
2420,0.08223430251919046
2421,0.17189983151944982
2422,-0.07954431115256452
2423,0.13811417226518205
2424,-0.034359036660490824
2425,-0.03329073062844045
2426,0.16689786360166323
2427,0.019701377796012543
2428,0.0944593004057917
2429,-0.04570655689926344
2430,-0.04033382951423644
2431,-0.09351218577537616
2432,-0.09430315714838564
2433,-0.047376827447347135
2434,-0.047865192615687516
2435,-0.02096408876324933
2436,-0.033685911842164316
2437,-0.06515626845160377
2438,-0.0683311959079108
2439,0.1326845517336207
2440,-0.013724826513019931
2441,-0.03276374163804184
2442,0.16745239266268047
2443,-0.07680760587804153
2444,0.06697902628738173
2445,-0.05660475179007951
2446,-0.06715396309584377
2447,-0.030691277636149455
2448,0.033932608377694504
2449,-0.08058599600062219
2450,-0.07669276689485331
2451,0.17438022165546865
2452,-0.06738106943697274
2453,0.14195821262331235
2454,-0.017215539229273966
2455,-0.05707993919421713
2456,-0.032951438347536874
2457,0.06116725695368341
2458,-0.07956913718742706
2459,-0.07829728312972793
2460,-0.06512343996084709
2461,-0.08304415251174406
2462,-0.009428530753816023
2463,-0.057564919710130474
2464,-0.045508313407038606
2465,-0.008581811552618515
2466,-0.03261139665873511
2467,-0.05486574894143557
2468,0.14086056759280108
2469,0.04415675574863193
2470,-0.014803581654000262
2471,0.13019001210071482
2472,-0.03322596281299689
2473,-0.03562703816468725
2474,-0.029377333538590723
2475,-0.035462209948866494
2476,-0.08199804969816282
2477,-0.05096290902053581
2478,0.02012930146412102
2479,-0.06997451436044544
2480,-0.09574758978828474
2481,0.005409694349945418
2482,-0.012510163749301901
2483,-0.009400661113229217
2484,-0.05419473260764952
2485,0.1538652166075893
2486,-0.040941476977835595
2487,-0.006264142178117096
2488,-0.04291624881095727
2489,-0.03381987718231447
2490,0.1789372676435468
2491,-0.027248558924685987
2492,0.042215695207451255
2493,-0.009447914573743808
2494,-0.01432377182071457
2495,-0.059237758598252865
2496,0.12750820230301144
2497,-0.07438154070176414
2498,-0.05589573330010209
2499,-0.03991080085240176
2500,-0.03311804144180075
2501,0.1799226224748931
2502,0.03645942765745788
2503,0.14054795586185775
